question,output,timestamp
neler yapabilirsn,"Merhaba! Ben büyük bir dil modeliyim, Google tarafından eğitildim. Size çeşitli konularda yardımcı olabilirim. İşte yapabileceklerimden bazıları:

**Bilgi Sağlama ve Araştırma:**

*   Sorularınızı yanıtlayabilirim. Geniş bir bilgi yelpazesine erişimim var ve bu bilgileri sizin için derleyebilirim.
*   Konular hakkında bilgi toplayabilir ve özetleyebilirim.
*   Araştırma yapmanıza yardımcı olabilirim. Kaynaklar bulabilir, bilgileri karşılaştırabilir ve analiz edebilirim.

**Metin Oluşturma ve Düzenleme:**

*   E-postalar, mektuplar, raporlar, makaleler, hikayeler ve şiirler gibi çeşitli metin türleri oluşturabilirim.
*   Metinleri düzeltebilir, düzenleyebilir ve iyileştirebilirim.
*   Metinleri farklı dillere çevirebilirim.
*   Farklı yazı stilleri ve tonlarında metinler oluşturabilirim.

**Yaratıcı İşler:**

*   Şarkı sözleri yazabilirim.
*   Senaryo fikirleri üretebilirim.
*   Hikayeler ve masallar oluşturabilirim.
*   Espriler ve bulmacalar üretebilirim.

**Organizasyon ve Planlama:**

*   Yapılacaklar listeleri oluşturabilirim.
*   Takvim etkinlikleri planlayabilirim.
*   Seyahat planları yapmanıza yardımcı olabilirim.
*   Bütçe oluşturmanıza yardımcı olabilirim.

**Eğlence:**

*   Oyunlar oynayabilirim.
*   Hikayeler anlatabilirim.
*   Şakalar yapabilirim.
*   Sohbet edebilirim.

**Diğer:**

*   Kod yazabilirim (bazı dillerde).
*   Matematiksel işlemleri yapabilirim.
*   Verileri analiz edebilirim.

**Unutmayın:**

*   Hala geliştirme aşamasındayım ve her zaman mükemmel sonuçlar veremeyebilirim.
*   Bazen yanlış veya yanıltıcı bilgiler verebilirim. Bu nedenle, verdiğim bilgileri her zaman doğrulamanız önemlidir.
*   Kişisel veya hassas bilgilerinizi paylaşmaktan kaçının.

**Benden ne yapmamı istersiniz?**
",2025-02-22 14:39:01.542897
